82,162,162,162,162,162,162,162,162,162,162,162,162,162,162,162,162,162,162,162,162,162,162,162,162,162,162,162,162,162,162,162,162,162,162,162,162,162,162,162,162,162,162,162,162,162,162,162,162,162,162,409,409,409,409,409,409,409,409,409
82,82,162,162,162,162,162,162,162,162,162,162,162,162,162,162,162,162,162,162,162,162,162,162,162,162,162,162,162,162,162,162,162,162,162,162,162,162,162,162,162,162,162,162,162,162,162,162,162,162,409,409,409,409,409,409,409,409,409,409
82,82,82,162,162,162,162,162,162,162,82,82,82,162,162,162,162,162,162,162,162,162,162,162,162,162,162,162,162,162,162,162,162,162,162,162,162,162,162,162,162,162,162,162,162,162,162,162,162,162,409,409,409,409,409,409,409,409,409,409
82,82,82,82,82,162,162,162,162,162,162,162,162,162,162,162,162,162,162,162,162,162,162,162,162,162,162,162,162,162,162,162,162,162,162,162,162,162,162,162,162,162,162,162,162,162,162,162,162,162,409,409,409,409,409,409,409,409,409,409
82,82,82,82,82,82,82,162,162,162,162,162,162,162,162,162,162,162,162,162,162,162,162,162,162,162,162,162,162,162,162,162,162,162,162,162,162,162,162,162,162,162,162,162,162,162,162,162,162,162,409,409,409,409,409,409,409,409,409,409
82,82,82,82,82,82,82,82,82,82,162,162,82,82,162,162,162,162,162,162,162,162,162,162,162,162,162,162,162,162,162,162,162,162,162,162,162,162,162,162,162,162,162,162,162,162,162,162,162,162,409,409,409,409,409,409,409,409,409,409
82,82,82,82,82,82,82,82,82,82,82,162,162,82,162,162,162,162,162,162,162,162,162,162,162,162,162,162,162,162,162,162,162,162,162,162,162,162,162,162,162,162,162,162,162,162,162,162,162,162,162,409,409,409,409,409,409,409,409,409
82,82,82,82,82,82,82,82,82,82,82,82,162,162,162,162,162,162,162,162,162,162,162,162,162,162,162,162,162,162,162,162,162,162,162,162,162,162,162,162,162,162,162,162,162,162,162,162,162,162,162,409,409,409,409,409,409,409,409,409
82,82,82,82,82,82,82,82,82,82,82,82,82,162,162,162,162,162,162,162,82,162,162,162,162,162,162,162,162,162,162,162,162,162,162,162,162,162,162,162,162,162,162,162,162,162,162,162,162,162,162,409,409,162,409,409,409,409,409,409
82,82,82,82,82,82,82,82,82,82,82,82,82,162,162,162,162,82,162,162,82,82,162,82,162,162,162,162,162,162,162,162,162,162,162,162,162,162,162,162,162,162,162,162,162,162,162,162,162,162,162,409,409,162,162,162,409,162,409,409
82,82,82,82,82,82,82,82,82,82,82,82,82,82,162,162,82,82,162,82,82,82,82,82,162,82,162,162,162,162,162,162,162,162,162,162,162,162,162,162,162,162,162,162,162,162,162,162,162,162,162,162,162,162,162,162,162,162,162,162
82,82,82,82,82,82,82,82,82,82,82,82,82,82,162,162,82,82,162,82,82,82,82,82,162,82,162,162,162,162,162,162,162,162,162,162,162,162,162,162,162,162,162,162,162,162,162,162,162,162,162,162,162,162,162,162,162,162,162,162
82,82,82,82,82,82,82,82,82,82,82,82,82,162,162,162,82,82,82,162,82,82,82,82,82,82,162,162,162,162,162,162,162,162,162,162,162,162,162,162,162,162,162,162,162,162,162,162,162,162,162,162,162,162,162,162,162,162,162,162
82,82,82,82,82,82,82,82,82,82,82,82,82,162,162,162,82,162,82,162,82,82,162,162,162,82,162,162,162,162,162,162,162,162,162,162,162,162,162,162,162,162,162,162,162,162,162,162,162,162,162,162,162,162,162,162,162,162,162,162
82,82,82,82,82,82,82,82,82,82,82,82,82,82,162,162,162,162,162,82,82,82,162,82,162,82,162,162,162,82,162,162,162,162,162,162,162,162,162,162,162,162,162,162,162,162,162,162,162,162,162,162,162,162,162,162,162,162,162,162
82,82,82,82,82,82,82,82,82,82,82,82,82,82,162,162,162,162,162,82,82,82,162,82,162,82,162,162,82,82,162,162,162,162,162,162,162,162,162,162,162,162,162,162,162,162,162,162,162,162,162,162,162,162,162,162,162,162,162,162
82,82,82,82,82,82,82,82,82,82,82,82,82,82,82,162,162,162,82,162,82,82,162,162,162,82,162,82,82,82,162,162,162,162,162,162,162,162,162,162,162,162,162,162,162,162,162,162,162,162,162,162,162,162,162,162,162,162,162,162
82,82,82,82,82,82,82,82,82,82,82,82,82,82,82,82,162,162,82,162,82,82,162,162,162,82,162,162,82,82,82,162,162,162,162,162,162,162,162,162,162,162,162,162,162,162,162,162,162,162,162,162,162,162,162,162,162,162,162,162
82,82,82,82,82,82,82,82,82,82,82,82,82,82,82,82,82,162,82,162,82,162,162,162,162,82,162,162,82,82,82,162,162,162,162,162,162,162,162,162,162,162,162,162,162,162,162,162,162,162,162,162,162,162,162,162,162,162,162,162
82,82,82,82,82,82,82,82,82,82,82,82,82,82,82,82,82,162,82,82,162,162,162,82,162,82,82,82,82,82,82,82,162,162,162,162,162,162,162,162,162,162,162,162,162,162,162,162,162,162,162,162,162,162,162,162,162,162,162,162
82,82,82,82,82,82,82,82,82,82,82,82,82,82,82,82,82,82,82,82,162,162,162,82,162,82,82,82,82,162,162,162,162,162,162,162,162,162,162,162,162,162,162,162,162,162,162,162,162,162,162,162,162,162,162,162,162,162,162,162
82,82,82,82,82,82,82,82,82,82,82,82,82,82,82,82,82,82,82,82,162,162,162,82,162,82,82,82,162,162,162,162,162,162,162,162,162,162,162,162,162,162,162,162,162,162,162,162,162,162,162,162,162,162,162,162,162,162,162,162
82,82,82,82,82,82,82,82,82,82,82,82,82,82,82,82,82,82,82,82,82,162,162,82,162,82,82,82,162,162,162,162,162,162,162,162,162,162,162,162,162,162,162,162,162,162,162,162,162,162,162,162,162,162,162,162,162,162,162,162
82,82,82,82,82,82,82,82,82,82,82,82,82,82,82,82,82,82,82,82,82,162,82,82,162,82,82,162,82,162,162,162,162,162,162,162,162,162,162,162,162,162,162,162,162,162,162,162,162,162,162,162,162,162,162,162,162,162,162,162
82,82,82,82,82,82,82,82,82,82,82,82,82,82,82,82,82,82,82,82,82,82,82,82,162,82,162,82,82,162,162,162,162,162,162,162,162,162,162,162,162,162,162,162,162,162,162,162,162,162,162,162,162,162,162,162,162,162,162,162
82,82,82,82,82,82,82,82,82,82,82,82,82,82,82,82,82,82,82,82,82,82,82,82,82,162,82,82,82,162,162,162,162,162,162,162,162,162,162,162,162,82,162,82,162,162,162,162,162,162,162,162,162,162,162,162,162,162,162,162
82,82,82,82,82,82,82,82,82,82,82,82,82,82,82,82,82,82,82,82,82,82,82,82,82,82,82,82,162,162,162,162,162,162,162,162,162,162,162,162,162,82,162,82,162,162,162,162,162,162,162,162,162,162,162,162,162,162,162,162
82,82,82,82,82,82,82,82,82,82,82,82,82,82,82,82,82,82,82,82,82,82,82,82,82,82,82,82,162,162,162,162,162,162,162,162,162,162,162,162,162,162,162,162,162,162,162,162,162,162,162,162,162,162,162,162,162,162,162,162
82,82,82,82,82,82,82,82,82,82,82,82,82,82,82,82,82,82,82,82,82,82,82,82,82,82,82,82,162,162,162,162,162,162,162,162,162,162,162,162,162,162,162,162,162,162,162,162,162,162,162,162,162,162,162,162,162,162,162,162
82,82,82,82,82,82,82,82,82,82,82,82,82,82,82,82,82,82,82,82,82,82,82,82,82,82,82,82,162,162,162,162,162,162,162,162,162,162,162,162,162,162,162,162,162,162,162,162,162,162,162,162,162,162,162,162,162,162,162,162
